time,kinetic_energy,max_speed,center_of_mass_x,center_of_mass_y,center_of_mass_z,active_contacts,candidate_pairs,max_height
0,0,0,0.4994133342941119,0.504925299594101,0.7257657329781033,0,0,0.9859891100434752
0.0001,0.8879060965659777,2.310453015030784,0.4994133342941117,0.5049252995941013,0.7257656348781026,67,660,0.9860296653981826
0.0002,2.368216630333315,3.769866919856596,0.4994133342941118,0.5049252995941007,0.7257654386781028,67,660,0.9862181021281829
0.0003,3.59248639672249,4.638586724167914,0.4994133342941117,0.5049252995941009,0.7257651443781024,67,660,0.9864498968537614
0.0004,4.352632884290106,5.100638579506456,0.4994133342941119,0.504925299594101,0.7257647519781026,67,660,0.9867046962904937
0.0005,4.68395474335717,5.285852059183857,0.4994133342941117,0.5049252995941007,0.7257642614781027,67,660,0.9869686449781414
0.0006000000000000001,4.695092583934819,5.286299361339052,0.4994133342941121,0.5049252995941007,0.7257636728781027,6,659,0.9872324955657891
0.0007,4.70034726518281,5.286746807681555,0.4994133342941118,0.5049252995941008,0.7257629861781028,6,657,0.9874962480534367
0.0008,4.701617102345014,5.287194398174759,0.4994133342941117,0.5049252995941009,0.7257622013781033,3,656,0.9877599024410845
0.0009000000000000001,4.702007603206336,5.287642132782059,0.4994133342941119,0.5049252995941006,0.7257613184781019,1,656,0.9880234587287322
0.001,4.683064528594713,5.288090011466847,0.4994133342941116,0.5049252995941005,0.7257602993241761,1,656,0.9882411322041355
0.0011,4.669440935979874,5.288538034192521,0.4994133342941121,0.5049252995941008,0.7257591484310146,1,656,0.9884183404986588
0.0012,4.659878516982152,5.288986200922473,0.4994133342941117,0.5049252995941008,0.7257578699218804,1,655,0.9885600315237153
0.0013,4.653375578581644,5.289434511620101,0.4994133342941118,0.5049252995941006,0.7257564675487226,1,655,0.9886707076236322
0.0014,4.649143064175553,5.289882966248802,0.4994133342941118,0.5049252995941007,0.7257549447131186,1,654,0.9887544506872478
0.0015,4.646566400160089,5.290331564771972,0.4994133342941118,0.5049252995941007,0.7257533044876108,1,654,0.9888149477635618
0.0016,4.645172780434608,5.290780307153011,0.4994133342941116,0.504925299594101,0.7257515496371494,1,654,0.9888555167994822
0.0017,4.644603421281568,5.291229193355317,0.4994133342941116,0.5049252995941009,0.7257496826403961,1,653,0.9888791321822643
0.0018,4.644590279507735,5.291678223342289,0.4994133342941118,0.5049252995941007,0.7257477057106092,1,653,0.9888884498263036
0.0019,4.644936717234772,5.292127397077327,0.4994133342941118,0.5049252995941007,0.7257456208160094,1,653,0.9888858315941459
0.002,4.645501608839025,5.292576714523833,0.4994133342941116,0.5049252995941006,0.7257434296994295,1,654,0.9888733688855339
0.0021,4.646186412466334,5.293026175645208,0.4994133342941119,0.5049252995941008,0.7257411338971735,1,654,0.9888529052665865
0.0022,4.646924764918166,5.293475780404854,0.4994133342941118,0.5049252995941006,0.7257387347569995,1,655,0.9888260580443455
0.0023,4.64767420037974,5.293925528766175,0.4994133342941118,0.5049252995941009,0.7257362334551571,1,654,0.9887942387204322
0.0024,4.648409637302204,5.294375420692574,0.4994133342941117,0.5049252995941006,0.7257336310124682,1,652,0.9887586722819027
0.0025,4.649118321505114,5.294825456147456,0.4994133342941119,0.5049252995941005,0.7257309283094178,1,654,0.9887204153080181
0.0026,4.649795955605453,5.295275635094226,0.4994133342941116,0.5049252995941012,0.7257281261002447,1,653,0.9886803728889492
0.0027,4.650443784175057,5.295725957496291,0.4994133342941114,0.5049252995941006,0.7257252250260706,1,653,0.988639314366806
0.0028,4.651066439914683,5.296176423317056,0.4994133342941118,0.504925299594101,0.7257222256270423,1,653,0.9885978879211428
0.0029,4.651689848502084,5.296627032519932,0.4994133342941116,0.5049252995941009,0.7257191281280145,1,653,0.9885563633754796
0.003,4.652333318563922,5.297077785068324,0.4994133342941117,0.5049252995941005,0.7257159325289859,1,653,0.9885147407298164
0.0031,4.652996850100197,5.297528680925644,0.4994133342941119,0.504925299594101,0.7257126388299581,1,653,0.9884730199841532
0.0032,4.652824211845586,5.2979797200553,0.4994133342941121,0.5049252995941006,0.7257092470309306,2,654,0.98843120113849
0.0033,4.653214401204207,5.298430902420704,0.4994133342941119,0.5049252995941009,0.7257057571319034,2,653,0.9883892841928269
0.0034,4.65384597940918,5.298882227985268,0.4994133342941118,0.5049252995941009,0.7257021691328751,2,653,0.9883472691471638
0.0035,4.654575309093959,5.299333696712405,0.4994133342941118,0.5049252995941006,0.7256984830338473,2,654,0.9883051560015006
0.0036,4.655342303186561,5.299785308565528,0.4994133342941118,0.504925299594101,0.7256946988348191,2,655,0.9882629447558374
0.0037,4.656126203569985,5.300237063508051,0.4994133342941116,0.5049252995941008,0.725690816535793,1,655,0.9882206354101742
0.0038,4.65693016542777,5.300688961503391,0.4994133342941119,0.5049252995941006,0.7256868361367641,1,654,0.988178227964511
0.0039,4.657754188759969,5.301141002514963,0.4994133342941119,0.504925299594101,0.725682757637736,1,654,0.9881357224188478
0.004,4.658598273566724,5.301593186506183,0.4994133342941116,0.5049252995941007,0.7256785810387094,1,652,0.9880931187731846
0.0041,4.659462419847978,5.302045513440471,0.4994133342941117,0.5049252995941008,0.7256743063396802,1,654,0.9880504170275215
0.004200000000000001,4.660216133959854,5.302497983281246,0.4994133342941119,0.5049252995941006,0.7256699335406536,2,654,0.9880076171818584
0.0043,4.661068386409332,5.302950595991926,0.4994133342941117,0.5049252995941006,0.725665462641625,2,654,0.9879647192361952
0.0044,4.66197465526111,5.303403351535933,0.4994133342941118,0.504925299594101,0.7256608936425982,1,653,0.9879217231905321
0.004500000000000001,4.662914463357906,5.303856249876689,0.4994133342941121,0.5049252995941009,0.7256562265435709,1,647,0.9878786290448689
0.0046,4.663878795465809,5.304309290977615,0.4994133342941117,0.5049252995941008,0.7256514613445431,1,646,0.9878354367992057
0.0047,4.664863970673171,5.304762474802137,0.4994133342941117,0.504925299594101,0.7256465980455145,1,646,0.9877921464535425
0.0048,4.665868700288447,5.305215801313679,0.4994133342941116,0.504925299594101,0.7256416366464864,1,644,0.9877487580078793
0.0049,4.66689333836565,5.305669270475666,0.4994133342941116,0.5049252995941009,0.7256365771474586,0,644,0.9877052714622161
0.005,4.667938037917283,5.306122882251525,0.4994133342941119,0.5049252995941006,0.7256314195484312,0,643,0.987661686816553
0.0051,4.669002798943358,5.306576636604684,0.4994133342941118,0.5049252995941005,0.7256261638494036,0,643,0.9876180040708898
0.005200000000000001,4.670087621444031,5.307030533498571,0.4994133342941117,0.5049252995941009,0.7256208100503764,0,642,0.9875742232252267
0.0053,4.671192505419325,5.307484572896615,0.4994133342941118,0.5049252995941006,0.725615358151349,0,642,0.9875303442795635
0.0054,4.672317450868874,5.307938754762249,0.4994133342941117,0.5049252995941008,0.7256098081523201,0,641,0.9874863672339004
0.005500000000000001,4.673462457793008,5.308393079058903,0.4994133342941119,0.504925299594101,0.7256041600532928,0,642,0.9874422920882372
0.0056,4.674627526191779,5.30884754575001,0.4994133342941119,0.5049252995941009,0.7255984138542637,0,640,0.987398118842574
0.0057,4.675812656064868,5.309302154799004,0.4994133342941116,0.5049252995941009,0.7255925695552368,0,639,0.9873538474969108
0.0058,4.677017847412513,5.30975690616932,0.4994133342941117,0.5049252995941006,0.7255866271562095,0,639,0.9873094780512476
0.0059,4.678243100234528,5.310211799824395,0.4994133342941113,0.504925299594101,0.7255805866571829,0,639,0.9872650105055845
0.006,4.679488414531099,5.310666835727664,0.4994133342941117,0.5049252995941007,0.7255744480581549,0,637,0.9872204448599213
0.0061,4.68075379030229,5.311122013842567,0.4994133342941116,0.5049252995941012,0.7255682113591259,0,637,0.9871757811142582
0.006200000000000001,4.682039227547778,5.311577334132543,0.4994133342941119,0.5049252995941012,0.7255618765600984,0,634,0.987131019268595
0.0063,4.683344726268002,5.312032796561032,0.4994133342941118,0.5049252995941009,0.7255554436610706,0,636,0.9870861593229319
0.0064,4.684670286462636,5.312488401091476,0.4994133342941118,0.5049252995941006,0.725548912662042,0,636,0.9870412012772687
0.006500000000000001,4.686015908131598,5.312944147687316,0.4994133342941121,0.5049252995941006,0.7255422835630154,0,636,0.9869961451316055
0.0066,4.687381591275154,5.313400036311998,0.4994133342941116,0.5049252995941006,0.7255355563639865,0,637,0.9869509908859423
0.0067,4.688767335893258,5.313856066928968,0.4994133342941121,0.5049252995941007,0.7255287310649597,0,638,0.9869057385402791
0.0068,4.690173141985902,5.314312239501668,0.4994133342941119,0.5049252995941006,0.725521807665932,0,637,0.9868603880946158
0.006900000000000001,4.691599009552967,5.314768553993549,0.4994133342941116,0.504925299594101,0.7255147861669038,0,637,0.9868149395489527
0.007,4.693044938594398,5.315225010368058,0.4994133342941121,0.5049252995941009,0.7255076665678756,0,637,0.9867693929032896
0.0071,4.694510929110514,5.315681608588646,0.4994133342941119,0.5049252995941008,0.7255004488688478,0,637,0.9867237481576264
0.007200000000000001,4.695996981101035,5.316138348618762,0.4994133342941118,0.504925299594101,0.72549313306982,0,636,0.9866780053119633
0.0073,4.693353439972646,5.316595230421859,0.4994133162328925,0.5049252995941009,0.7254857191707927,1,637,0.9866321643663001
0.0074,4.691902640979301,5.317052253961391,0.499413282276076,0.5049252995941008,0.7254782071717644,1,636,0.9865862253206369
0.007500000000000001,4.691360881065368,5.317509419200811,0.4994132343982987,0.5049252995941005,0.7254705970727369,1,636,0.9865401881749737
0.0076,4.691503347956285,5.317966726103577,0.49941317439346,0.5049252995941005,0.7254628888737089,1,636,0.9864940529293105
0.0077,4.69215381708695,5.318424174633145,0.4994131038852821,0.5049252995941008,0.7254550825746832,1,637,0.9864478195836472
0.007800000000000001,4.693175760247463,5.318881764752971,0.4994130243380038,0.5049252995941007,0.7254471781756542,1,635,0.9864014881379841
0.007900000000000001,4.694464759133075,5.319339496426519,0.4994129370670645,0.5049252995941008,0.7254391756766249,1,635,0.986355058592321
0.008,4.695942101879393,5.319797369617246,0.4994128432496582,0.5049252995941009,0.7254310750775986,1,635,0.9863085309466578
0.0081,4.697549434408289,5.320255384288617,0.4994127439350527,0.5049252995941008,0.7254228763785719,1,635,0.9862619052009947
0.008200000000000001,4.699244338670728,5.320713540404094,0.4994126400546023,0.504925299594101,0.7254145795795428,1,635,0.9862151813553315
0.0083,4.700996714700722,5.321171837927142,0.4994125324313886,0.504925299594101,0.7254061846805143,1,633,0.9861683594096683
0.008400000000000001,4.702785851304142,5.321630276821225,0.4994124217894418,0.5049252995941009,0.7253976916814879,1,633,0.9861214393640051
0.008500000000000001,4.704598079951237,5.322088857049814,0.4994123087625104,0.5049252995941007,0.72538910058246,1,634,0.9860744212183419
0.0086,4.706424917153295,5.322547578576375,0.4994121939023571,0.5049252995941008,0.7253804113834321,1,634,0.9860273049726787
0.008700000000000001,4.708261611572198,5.323006441364381,0.499412077686564,0.5049252995941008,0.7253716240844044,1,634,0.9859800906270155
0.008800000000000001,4.695138359044647,5.3234654453773,0.4994119605258449,0.504925299594101,0.7253627386853755,2,635,0.9859327781813524
0.0089,4.679616691188941,5.323924590578605,0.499411842770864,0.504925329243418,0.7253537551863483,3,633,0.9858853676356892
0.009000000000000001,4.671149094284413,5.324383876931774,0.4994117247185706,0.5049253849667519,0.7253446735873216,3,632,0.9858378589900261
0.0091,4.666736248500116,5.324843304400278,0.4994116066180552,0.5049254635060456,0.7253354938882934,3,631,0.9857902522443629
0.0092,4.664761053796057,5.325302872947595,0.4994114885175396,0.5049255619032118,0.725326216089266,3,631,0.9857425473986997
0.009300000000000001,4.664307820903438,5.325762582537204,0.4994113704170242,0.5049256774823847,0.7253168401902373,3,630,0.9856947444530365
0.0094,4.664832320369951,5.326222433132585,0.4994112523165084,0.5049258078319901,0.7253073661912094,3,630,0.9856468434073733
0.0095,4.665995092076846,5.326682424697219,0.4994111342159928,0.5049259507868655,0.7252977940921815,3,629,0.9855988442617101
0.009600000000000001,4.666947225499326,5.327142557194588,0.4994110161154772,0.504926104410638,0.7252881238931547,4,630,0.9855507470160469
0.0097,4.65543136669416,5.327602830588175,0.4994108654098404,0.5049262669785025,0.725278355594126,4,630,0.9855228407434752
0.0098,4.648062860421805,5.328063244841466,0.4994106860644551,0.5049264369605468,0.7252684891950993,4,627,0.9855132269434752
0.009900000000000001,4.643729209166052,5.328523799917949,0.4994104816896247,0.5049266130057045,0.7252585246960719,4,627,0.9855035150434752
0.01,4.641596044992021,5.328984495781111,0.4994102555603378,0.504926793926428,0.7252484620970425,4,626,0.9854937050434752
0.0101,4.582130233798907,5.329445332394443,0.4994100106364672,0.504926978684119,0.7252383013980165,5,626,0.9854837969434752
0.0102,4.557059482330083,5.329906309721435,0.499409749583117,0.5049271663753646,0.7252280425989879,4,625,0.9854737907434752
0.0103,4.548016801928053,5.330367427725578,0.4994094747908383,0.5049273562189923,0.7252176856999606,4,625,0.9854636864434752
0.0104,4.546184894112809,5.33082868637037,0.4994091883955257,0.5049275475439534,0.7252072307009325,4,622,0.9854534840434751
0.0105,4.547411266391953,5.331290085619305,0.4994088922978006,0.5049277397780301,0.7251966776019044,4,621,0.9854431835434752
0.0106,4.549795343120778,5.331751625435879,0.4994085881817636,0.5049279324373577,0.7251860264028763,4,621,0.9854327849434752
0.0107,4.552506353547608,5.332213305783592,0.4994082775329929,0.5049281251167359,0.7251752771038493,3,620,0.9854222882434752
0.0108,4.55523278895824,5.332675126625944,0.4994079616557285,0.5049283177961141,0.7251644297048216,3,621,0.9854116934434752
0.0109,4.557859474793463,5.333137087926437,0.4994076416891707,0.504928510475492,0.7251534842057938,3,623,0.9854010005434752
0.011,4.5603641476052,5.333599189648573,0.4994073186228666,0.50492870315487,0.7251424406067665,3,622,0.9853902095434752
0.0111,4.562269421430171,5.334061431755859,0.4994069933111618,0.5049288958342486,0.7251312989077382,3,623,0.9853793204434752
0.0112,4.504707781657642,5.334523814211799,0.4994067341694815,0.5049290885136265,0.7251200591087101,4,624,0.9853683332434752
0.0113,4.463836472304868,5.334986336979903,0.4994065338056746,0.5049292811930048,0.7251087212096824,4,625,0.9853572479434751
0.0114,4.435631076168863,5.335449000023681,0.4994063854274645,0.5049294738723829,0.725097285210654,4,624,0.9853460645434752
0.0115,4.416925562497217,5.335911803306642,0.4994062827407243,0.5049296665517612,0.7250857511116275,4,624,0.9853347830434752
0.0116,4.405260868885531,5.3363747467923,0.4994062197118501,0.5049298592311391,0.725074118912599,4,624,0.9853234034434752
0.0117,4.398706441153806,5.336837830444169,0.4994061908926278,0.5049300519105173,0.7250623886135716,4,623,0.9853119257434753
0.0118,4.395781395506241,5.337301054225766,0.4994061913818639,0.5049302445898951,0.7250505602145431,4,622,0.9853003499434753
0.0119,4.395364606182397,5.337764418100607,0.4994062167873456,0.5049304372692732,0.7250386337155167,4,622,0.9853159638631774
0.012,4.396620812631387,5.338227922032213,0.4994062631885115,0.5049306299486513,0.7250266091164892,3,625,0.9854529514966034
0.0121,4.376381281342296,5.338691565984104,0.499406327100134,0.5049308226280294,0.7250144864174606,5,625,0.9855898410300293
0.0122,4.369372476247446,5.339155349919802,0.4994064054372694,0.5049310153074078,0.7250022656184318,5,625,0.9857266324634554
0.0123,4.368513740883644,5.339619273802834,0.4994064954816436,0.5049312079867856,0.7249899467194046,4,625,0.9858633257968814
0.0124,4.370366261976575,5.340083337596721,0.4994065948496288,0.504931400666164,0.7249775297203768,4,624,0.9859999210303074
0.0125,4.373289971466358,5.340547541264995,0.4994067014618937,0.5049315933455417,0.72496501462135,4,625,0.9861364181637334
0.0126,4.376527024303023,5.341011884771183,0.4994068135147921,0.5049317860249201,0.7249524014223223,4,625,0.9862728171971594
0.0127,4.379747874430506,5.341476368078817,0.4994069294535196,0.5049319787042985,0.7249396901232934,4,623,0.9864091181305854
0.0128,4.382827561745223,5.34194099115143,0.4994070479470398,0.5049321713836771,0.7249268807242673,4,624,0.9865453209640114
0.0129,4.385736132168217,5.342405753952555,0.499407167864765,0.5049323640630544,0.7249139732252383,4,622,0.9866814256974373
0.013,4.388485399917051,5.342870656445728,0.4994072882549574,0.5049325567424324,0.7249009676262106,3,619,0.9868174323308633
0.0131,4.391157896282568,5.343335698594489,0.4994074086451496,0.5049327494218105,0.7248878639271822,2,618,0.9869533408642893
0.0132,4.390994978359407,5.343800880362376,0.4994075290353419,0.5049329421011888,0.7248746621281543,2,618,0.9870891512977154
0.0133,4.39191487080552,5.344266201712929,0.4994076494255344,0.5049331347805671,0.724861362229127,3,616,0.9872248636311414
0.0134,4.393957716359936,5.344731662609695,0.4994077698157265,0.504933327459945,0.7248479642300992,3,616,0.9873604778645674
0.0135,4.396484097099477,5.345197263016215,0.4994078902059186,0.504933520139323,0.7248344681310726,3,619,0.9874959939979934
0.0136,4.399204333536993,5.345663002896037,0.4994080105961115,0.5049337128187014,0.7248208739320451,3,619,0.9876314120314194
0.0137,4.40199417707495,5.34612888221271,0.4994081309863037,0.5049339054980794,0.7248071816330162,3,619,0.9877667319648453
0.0138,4.382627177463998,5.346594900929784,0.4994082513764959,0.5049340981774576,0.7247933912339888,3,619,0.9879019537982713
0.0139,4.375865139388941,5.347061059010811,0.499408371766688,0.5049342908568358,0.7247795027349603,3,617,0.9880370775316972
0.014,4.369794813516433,5.347527356419344,0.4994084921568807,0.504934483536214,0.7247654963343061,4,618,0.9881483412131553
0.0141,4.367689548980954,5.347993793118939,0.499408612547073,0.5049346762155924,0.7247513743982918,4,618,0.9882385843618372
0.0142,4.367712177904713,5.348460369073154,0.4994087329372655,0.5049348688949699,0.7247371390862148,3,619,0.9883103981367616
0.0143,4.36809611301751,5.348927084245549,0.4994088533274576,0.5049350615743482,0.7247227923612904,4,619,0.9883661383952572
0.0144,4.369654165591644,5.349393938599683,0.4994089737176498,0.5049352542537263,0.7247083360019102,4,618,0.9884079392053375
0.0145,4.37128871034046,5.349860932099121,0.4994090874916352,0.5049354469331042,0.7246937716130819,5,619,0.9884377265780153
0.0146,4.373455638943856,5.350328064707427,0.4994091954313858,0.5049356396124826,0.7246791006378979,4,620,0.9884572322234748
0.0147,4.372451078561613,5.350795336388168,0.4994092982510018,0.5049358322918608,0.7246643243688804,5,619,0.9884680071686086
0.0148,4.373613318805461,5.351262747104912,0.4994093966002102,0.5049360249712389,0.7246494439591039,4,618,0.9884714351030812
0.0149,4.375858374376694,5.351730296821231,0.4994094910680015,0.5049362176506167,0.7246344604330011,4,617,0.9884687453471501
0.015,4.378631543574493,5.352197985500696,0.4994095821863376,0.5049364103299951,0.7246193746967862,4,617,0.9884610253572659
0.0151,4.378376637893523,5.352665813106881,0.4994096704338749,0.5049366030093733,0.7246041875484375,6,617,0.9884492327052984
0.0152,4.380127100716008,5.353133779603363,0.4994097562396612,0.5049367956887514,0.724588899687198,5,617,0.9884342064843743
0.0153,4.380380810689555,5.353601884953721,0.4994098399867617,0.5049369883681292,0.7245735117225803,6,617,0.9884166781090326
0.0154,4.382405580801784,5.354070129121534,0.499409922015789,0.5049371810475072,0.7245580241828413,6,618,0.9883972814899531
0.0155,4.385206160922572,5.354538512070384,0.4994100026283151,0.5049373737268853,0.7245424375229397,6,619,0.9883765625741261
0.0156,4.388322920186299,5.355007033763855,0.4994100820901404,0.5049375664062637,0.7245267521319467,6,619,0.9883549882502106
0.0157,4.391552662127436,5.355475694165535,0.4994101606344098,0.5049377590856418,0.7245109683399548,6,619,0.9883329546261841
0.0158,4.394812619987486,5.355944493239008,0.4994102384645711,0.5049379517650202,0.7244950864244541,5,618,0.9883107946923838
0.0159,4.386453748924379,5.356413430947867,0.4994103157571572,0.5049381444443979,0.7244791064089545,5,618,0.9882885366585835
0.016,4.384610852433632,5.356882507255703,0.4994103926644063,0.5049383378481418,0.7244630282934538,5,618,0.9882661805247832
0.0161,4.385795521507439,5.35735172212611,0.4994104693167002,0.5049385318891596,0.7244468520779528,4,620,0.9882437262909829
0.0162,4.388339630681523,5.357821075522683,0.4994105458248408,0.504938726488061,0.7244305777624525,4,620,0.9882211739571827
0.0163,4.391463777107917,5.35829056740902,0.4994106222821544,0.504938921572744,0.7244142053469517,4,620,0.9881985235233824
0.0164,4.394816862360805,5.358760197748722,0.4994106987394683,0.5049391170779659,0.7243977348314524,4,621,0.9881757749895822
0.0165,4.398249329105888,5.359229966505391,0.4994107751967821,0.5049393129449086,0.7243811662159514,4,622,0.9881529283557819
0.0166,4.401702918445308,5.359699873642629,0.4994108516540955,0.504939509120748,0.7243644995004509,4,622,0.9881299836219817
0.0167,4.405159553415992,5.360169919124044,0.4994109281114095,0.5049397055582245,0.7243477346849503,4,622,0.9881069407881814
0.0168,4.408617337920342,5.360640102913243,0.4994110045687236,0.5049399022152293,0.7243308717694497,4,622,0.9880837998543811
0.0169,4.412079878390392,5.361110424973837,0.499411081026037,0.504940099054398,0.7243139107539491,4,622,0.9880605608205808
0.017,4.415558519117309,5.361580885269436,0.499411157483351,0.5049402960427201,0.7242968516384487,3,621,0.9880372236867805
0.0171,4.419057246583304,5.362051483763657,0.4994112339406647,0.5049404931511703,0.7242796944229489,3,620,0.9880137884529803
0.0172,4.422576039132455,5.362522220420115,0.4994113103979788,0.5049406903543523,0.7242624391074478,3,620,0.98799025511918
0.0173,4.426114883405941,5.362993095202429,0.4994113868552921,0.5049408876301643,0.7242450856919466,2,620,0.9879666236853798
0.0174,4.429673772005249,5.363464108074218,0.4994114633126058,0.5049410849594855,0.7242276341764466,2,620,0.9879428941515795
0.0175,4.433252701690386,5.363935258999107,0.4994115397699194,0.5049412823258816,0.7242100845609466,2,619,0.9879190665177793
0.0176,4.436851672013289,5.364406547940719,0.4994116162272332,0.5049414797153297,0.7241924368454474,2,617,0.987895140783979
0.0177,4.440470684297646,5.364877974862682,0.4994116926845469,0.5049416771159618,0.7241746910299469,2,616,0.9878711169501787
0.0178,4.444109740893574,5.365349539728624,0.4994117691418606,0.5049418745178321,0.7241568471144462,2,618,0.9878469950163784
0.0179,4.447768856805856,5.365821242502176,0.4994118455991743,0.5049420719197021,0.7241389050989451,1,617,0.9878227749825781
0.018,4.451448034192637,5.366293083146973,0.499411922056488,0.5049422693215719,0.7241208649834454,1,617,0.9877984568487779
0.0181,4.453613332402096,5.366765061626649,0.499411998513802,0.5049424667234426,0.7241027267679442,2,616,0.9877740406149776
0.0182,4.449922953874614,5.367237177904842,0.4994120749711157,0.504942664125313,0.7240844904524443,3,616,0.9877495262811774
0.0183,4.450481816987736,5.367709431945192,0.4994121514284297,0.5049428615271827,0.7240661560369429,3,617,0.9877249138473772
0.0184,4.452982635732112,5.368181823711341,0.4994122278857433,0.504943058929053,0.7240477235214432,3,616,0.9877002033135769
0.0185,4.456335867143486,5.368654353166933,0.4994123043430571,0.5049432563309234,0.724029192905943,3,615,0.9876753946797766
0.0186,4.460040968892774,5.369127020275616,0.4994123808003707,0.5049434537327937,0.7240105641904414,3,615,0.9876504879459763
0.0187,4.463877633563892,5.369599825001035,0.4994124572576843,0.5049436511346638,0.723991837374941,3,615,0.987625483112176
0.0188,4.467755811175945,5.370072767306845,0.4994125337149988,0.5049438485365334,0.7239730124594422,2,615,0.9876003801783757
0.0189,4.471650167646348,5.370545847156697,0.499412610172312,0.504944045938404,0.7239540894439401,2,615,0.9875751791445755
0.019,4.475551700484981,5.371019064514246,0.4994126866296262,0.5049442433402742,0.72393506832844,2,614,0.9875498800107753
0.0191,4.479460442447009,5.37149241934315,0.4994127630869395,0.5049444407421444,0.7239159491129398,2,613,0.987524482776975
0.0192,4.483380357527793,5.37196591160707,0.4994128395442531,0.5049446381440145,0.7238967317974389,1,611,0.9874989874431748
0.0193,4.487320334083083,5.372439541269666,0.4994129160015668,0.504944835545885,0.7238774163819385,1,611,0.9874733940093745
0.0194,4.491280372112744,5.372913308294604,0.4994129924588807,0.5049450329477548,0.7238580028664383,0,611,0.9874477024755742
0.0195,4.481139754153137,5.373387212645549,0.4994130689161948,0.5049451968345521,0.7238384912509374,1,611,0.9874219128417739
0.0196,4.475044089340338,5.373861254286172,0.4994131453735083,0.5049453312479767,0.7238188815354381,1,611,0.9873960251079736
0.0197,4.47201275703036,5.374335433180144,0.4994132218308216,0.5049454398710767,0.7237991737199367,1,610,0.9873700392741733
0.0198,4.471270033792375,5.374809749291136,0.4994132982881359,0.5049455260477821,0.7237793678044364,1,609,0.9873439553403731
0.0199,4.472208976109925,5.375284202582826,0.4994133747454494,0.5049455928029702,0.7237594637889371,1,609,0.9873177733065729
0.02,4.474360311235559,5.375758793018892,0.4994134512027632,0.5049456428627365,0.7237394616734354,1,609,0.9872914931727726
0.0201,4.477365941462932,5.376233520563014,0.499413527660077,0.5049456786746113,0.7237193614579358,1,608,0.9872651149389724
0.0202,4.480956618724744,5.376708385178874,0.4994136041173911,0.5049457024274855,0.7236991631424344,1,608,0.9872386386051721
0.0203,4.484933328347014,5.37718338683016,0.4994136805747048,0.5049457160710741,0.7236788667269342,1,608,0.9872120641713719
0.0204,4.489151924842874,5.377658525480556,0.4994137570320183,0.504945721334778,0.723658472211435,1,607,0.9871853916375716
0.0205,4.493510582112543,5.378133801093754,0.4994138334893319,0.504945719745816,0.7236379795959342,1,608,0.9871586210037713
0.0206,4.497939650129522,5.378609213633447,0.4994139099466458,0.5049457126465597,0.723617388880433,1,608,0.987131752269971
0.0207,4.499023897423819,5.379084763063327,0.4994139864039596,0.5049457012110019,0.7235967000649329,2,608,0.9871047854361708
0.0208,4.440653435317334,5.379560449347093,0.4994140628612732,0.5049456864603152,0.7235759131494323,5,607,0.9870777205023705
0.0209,4.41766120369802,5.380036272448443,0.4994141393185874,0.5049456692774906,0.7235550281339319,5,606,0.9870505574685703
0.021,4.410917506410297,5.38051223233108,0.4994142157759007,0.5049456504210316,0.7235340450184304,5,606,0.98702329633477
0.0211,4.4113292336967,5.380988328958708,0.4994142922332146,0.5049456305377212,0.7235129638029316,5,605,0.9869959371009698
0.0212,4.414678544696739,5.381464562295033,0.4994143686905284,0.504945610174469,0.7234917844874313,5,604,0.9869684797671695
0.0213,4.419081381307337,5.381940932303764,0.4994144451478419,0.504945589789262,0.7234705070719294,5,603,0.9869409243333692
0.0214,4.410700837797655,5.382417438948615,0.4994145216051554,0.5049455694040553,0.7234491315564305,6,603,0.9869132707995689
0.0215,4.409821491570667,5.382894082193296,0.4994145980624695,0.5049455490188486,0.7234276579409288,5,603,0.9868855191657686
0.0216,4.412256638959698,5.383370862001525,0.4994146745197832,0.5049455286336417,0.7234060862254295,5,604,0.9868576694319684
0.0217,4.416065323407708,5.383847778337023,0.499414750977097,0.5049455082484343,0.7233844164099281,5,603,0.9868297215981682
0.0218,4.420383197107475,5.384324831163508,0.4994148274344111,0.5049454878632278,0.7233626484944288,5,603,0.9868016756643679
0.0219,4.424894144719693,5.384802020444705,0.4994149038917245,0.504945467478021,0.7233407824789276,2,603,0.9867735316305677
0.022,4.407623771414034,5.385279346144341,0.4994149387310715,0.504945447092814,0.7233188183634259,3,603,0.9867452894967674
0.0221,4.396559401193244,5.385756808226144,0.4994149369650383,0.504945426707607,0.7232967561479271,3,602,0.9867169492629672
0.0222,4.39017904965722,5.386234406653847,0.4994149031620027,0.5049454063224001,0.7232745958324264,3,600,0.9866885109291669
0.0223,4.385293073775435,5.386712141391181,0.4994148414702504,0.5049453859371932,0.7232523374169257,3,600,0.9866599744953666
0.0224,4.384150360119712,5.387190012401883,0.4994147556427638,0.5049453655519862,0.7232299809014251,3,600,0.9866313399615663
0.0225,4.385395440164699,5.387668019649693,0.4994146490622808,0.5049453451667799,0.7232075262859261,3,601,0.9866026073277661
0.0226,4.388177895381551,5.388146163098352,0.4994145247662878,0.5049453247815727,0.7231849735704252,3,601,0.9865737765939658
0.0227,4.39194549646079,5.388624442711603,0.4994143854716723,0.5049453043963656,0.7231623227549232,3,600,0.9865448477601656
0.0228,4.396330897971691,5.389102858453193,0.4994142335988108,0.5049452840111588,0.7231395738394234,3,599,0.9865158208263654
0.0229,4.401086880172985,5.389581410286872,0.4994140712949068,0.5049452636259519,0.7231167268239228,2,598,0.9864866957925651
0.023,4.406047357550274,5.39006009817639,0.4994139004564457,0.5049452432407453,0.7230937817084216,2,599,0.9864574726587648
0.0231,4.411102545327681,5.390538922085502,0.4994137227506599,0.5049452228555378,0.7230707384929226,2,599,0.9864281514249645
0.0232,4.416182289859155,5.391017881977963,0.4994135396359235,0.5049452024703311,0.7230475971774216,2,599,0.9863987320911642
0.0233,4.421247251584251,5.391496977817535,0.4994133523810294,0.5049451820851247,0.7230243577619202,1,599,0.9863692146573639
0.0234,4.426274126670137,5.391976209567977,0.4994131620833246,0.5049451616999172,0.7230010202464207,1,600,0.9863395991235637
0.0235,4.431252648270582,5.392455577193056,0.4994129696856816,0.5049451413147105,0.7229775846309194,1,604,0.9863098854897635
0.0236,4.436181685826259,5.392935080656538,0.4994127759923207,0.5049451209295039,0.7229540509154198,1,602,0.9862800737559633
0.0237,4.441065886661427,5.393414719922193,0.4994125816834956,0.5049451005442966,0.7229304190999187,1,603,0.986250163922163
0.0238,4.445913225304218,5.393894494953793,0.4994123873290707,0.5049450801590902,0.7229066891844181,1,603,0.9862201559883628
0.0239,4.450776029686176,5.394374405715113,0.4994121929746447,0.5049450597738829,0.7228828611689178,1,603,0.9861900499545625
0.024,4.455658895542665,5.39485445216993,0.4994119986202195,0.5049450393886763,0.7228589350534174,1,603,0.9861598458207622
0.0241,4.460561822873578,5.395334634282026,0.499411804265794,0.5049450190034693,0.7228349108379173,1,603,0.9861295435869619
0.0242,4.465484811679007,5.395814952015183,0.4994116099113691,0.5049449986182621,0.7228107885224178,1,603,0.9860991432531616
0.0243,4.470427861959011,5.396295405333186,0.4994114155569435,0.5049449782330556,0.722786568106916,1,603,0.9860686448193613
0.0244,4.475390973713385,5.396775994199824,0.4994112212025181,0.5049449578478487,0.7227622495914169,1,603,0.9860380482855611
0.0245,4.480374146942247,5.397256718578888,0.499411026848093,0.5049449374626416,0.7227378329759161,1,603,0.9860073536517608
0.0246,4.482847689689657,5.397737578434171,0.4994108324936676,0.5049449170774348,0.7227133182604154,2,603,0.9859765609179606
0.0247,4.486776007442053,5.39821857372947,0.499410638139242,0.5049448966922275,0.7226887054449149,2,603,0.9859456700841603
0.0248,4.491380731319224,5.398699704428584,0.499410443784817,0.5049448763070212,0.7226639945294153,2,603,0.9859146811503601
0.0249,4.496292855918015,5.399180970495314,0.4994102494303914,0.5049448559218143,0.7226391855139137,2,602,0.9858835941165598
0.025,4.501341826085677,5.399662371893466,0.499410055075966,0.5049448355366075,0.7226142783984135,2,602,0.9858524089827595
0.0251,4.506451824928376,5.400143908586846,0.4994098607215407,0.5049448151514001,0.7225892731829122,2,604,0.9858211257489592
0.0252,4.511591267333601,5.400625580539264,0.4994096663671154,0.5049447947661935,0.7225641698674123,2,605,0.9857897444151589
0.0253,4.516748534338897,5.401107387714532,0.49940947201269,0.5049447743809864,0.722538968451912,2,605,0.9857582649813587
0.0254,4.521920538821951,5.401589330076468,0.4994092776582645,0.5049447539957796,0.7225136689364126,1,605,0.9857266874475584
0.0255,4.527107491273815,5.402071407588888,0.4994090833038393,0.504944733610573,0.7224882713209102,1,604,0.9856950118137582
0.0256,4.532311340721993,5.402553620215614,0.499408888949414,0.5049447132253657,0.7224627756054107,0,605,0.9856632380799579
0.0257,4.535904865416683,5.403035967920469,0.4994086945949885,0.5049446928401585,0.7224371817899102,1,605,0.9856313662461577
0.0258,4.540447105822325,5.40351845066728,0.4994085002405634,0.5049446724549523,0.7224114898744096,1,603,0.9855993963123574
0.0259,4.545432457657491,5.404001068419876,0.4994083058861378,0.5049446520697454,0.7223856998589099,1,603,0.9855673282785571
0.026,4.550621749775002,5.40448382114209,0.4994081115317127,0.5049446316845384,0.7223598117434087,1,601,0.9855351621447568
0.0261,4.555904835239777,5.404966708797757,0.4994079171772871,0.5049446112993317,0.7223338255279078,1,601,0.9855028979109565
0.0262,4.561233054883483,5.405449731350713,0.4994077228228621,0.5049445909141248,0.7223077412124085,1,601,0.9854705355771562
0.0263,4.566586374542407,5.405932888764801,0.4994075284684366,0.5049445705289181,0.7222815587969093,1,600,0.985438075143356
0.0264,4.571957617649689,5.406416181003863,0.4994073341140111,0.504944550143711,0.722255278281406,1,599,0.9854055166095558
0.0265,4.577345052088152,5.406899608031745,0.4994071397595856,0.5049445297585037,0.7222288996659059,1,601,0.9853728599757555
0.0266,4.58274951628129,5.407383169812296,0.4994069454051603,0.5049445093732968,0.7222024229504067,0,602,0.9853401052419553
0.0267,4.588174041949143,5.407866866309369,0.4994067510507348,0.5049444889880899,0.7221758481349055,0,602,0.985307252408155
0.0268,4.593618629091382,5.40835069748682,0.4994065566963098,0.5049444686028833,0.7221491752194047,0,600,0.9852743014743547
0.0269,4.599083277708185,5.408834663308504,0.4994063623418837,0.5049444482176768,0.7221224042039043,0,603,0.9852412524405544
0.027,4.604567987799382,5.409318763738282,0.499406167987459,0.5049444278324697,0.7220955350884051,0,603,0.9852081053067541
0.0271,4.569131350607806,5.168038050061886,0.4994059736330337,0.5049444074472627,0.7220685678729045,1,603,0.9851748600729539
0.0272,4.557203375088792,5.167632096885963,0.4994057792786084,0.5049443870620559,0.7220415025574038,1,605,0.9851415167391536
0.0273,4.55592932492845,5.167226298060361,0.4994055849241832,0.5049443666768485,0.7220143391419036,1,607,0.9851080753053534
0.0274,4.55924012083801,5.166820653621444,0.4994053905697575,0.5049443462916419,0.7219870776264026,1,607,0.9850745357715531
0.0275,4.56435460744306,5.166415163605581,0.4994051962153322,0.5049443259064351,0.7219597180109011,1,607,0.9850408981377529
0.0276,4.570057112578057,5.166009828049134,0.499405001860907,0.5049443055212284,0.7219322602954018,1,608,0.9850071624039526
0.0277,4.575858278714179,5.165604646988462,0.4994048075064816,0.5049442851360211,0.721904704479902,1,605,0.9849733285701523
0.0278,4.581592416738446,5.165199620459925,0.4994046131520565,0.5049442647508141,0.7218770505643997,1,605,0.984939396636352
0.0279,4.587257680100096,5.164794748499877,0.499404418797631,0.5049442443656076,0.7218492985488997,0,605,0.9849053666025517
0.028,4.592943004936259,5.164390031144672,0.4994042244432053,0.5049442239804005,0.7218214484334005,0,605,0.9848712384687515
0.0281,4.598648391247039,5.163985468430659,0.4994040300887801,0.5049442035951938,0.7217935002178987,0,602,0.9848370122349512
0.0282,4.604373839032104,5.163581060394188,0.4994038357343546,0.5049441832099872,0.7217654539023985,0,602,0.984802687901151
0.0283,4.6101193482918,5.163176807071604,0.4994036413799293,0.5049441628247798,0.7217373094868984,0,599,0.9847682654673507
0.0284,4.615884919026036,5.16277270849925,0.4994034470255039,0.5049441424395731,0.7217090669713979,0,599,0.9847337449335505
0.0285,4.621670551234759,5.162368764713466,0.4994032526710787,0.5049441220543661,0.7216807263558971,0,599,0.9846991262997502
0.0286,4.627476244917909,5.16196497575059,0.4994030583166533,0.5049441016691594,0.7216522876403965,0,597,0.9846644095659499
0.0287,4.632351876638552,5.161561341646959,0.499402863962228,0.5049440812839527,0.7216237508248958,1,597,0.9846295947321496
0.0288,4.637791669344555,5.161157862438903,0.4994026696078027,0.5049440608987454,0.7215951159093965,1,598,0.9845946817983493
0.0289,4.627577400094369,5.160754538162753,0.4994024752533773,0.5049440405135386,0.7215663828938971,2,598,0.9845596707645491
0.029,4.626907592378986,5.160351368854839,0.499402280898952,0.5049440201283317,0.7215375517783958,2,598,0.9845245616307489
0.0291,4.630451918772349,5.159948354551484,0.4994020865445267,0.5049439997431248,0.7215086225628943,2,598,0.9844893543969486
0.0292,4.635734183289452,5.15954549528901,0.4994018921901013,0.5049439793579179,0.7214795952473951,2,600,0.9844540490631484
0.0293,4.641647386212086,5.159142791103739,0.499401697835676,0.5049439589727106,0.7214504698318951,2,600,0.9844186456293481
0.0294,4.647727224061463,5.158740242031986,0.4994015034812506,0.5049439385875042,0.7214212463163938,2,600,0.9843831440955478
0.0295,4.653801275820823,5.158337848110066,0.4994013091268251,0.5049439182022977,0.7213919247008935,2,599,0.9843475444617475
0.0296,4.65982276493668,5.157935609374292,0.4994011147723998,0.5049438978170907,0.7213625049853931,2,601,0.9843118467279472
0.0297,4.665849134839178,5.157533525860971,0.4994009204179747,0.5049438774318837,0.7213329871698924,0,601,0.9842760508941469
0.0298,4.671895566216322,5.157131597606411,0.4994007260635491,0.5049438570466764,0.7213033712543928,0,601,0.9842401569603467
0.0299,4.677962059067768,5.156729824646916,0.4994005317091241,0.50494383666147,0.7212736572388909,0,602,0.9842041649265465
0.03,4.684048613393994,5.156328207018785,0.4994003373546984,0.5049438162762628,0.7212438451233906,0,602,0.9841680747927463
0.0301,4.690155229194414,5.155926744758319,0.4994001430002734,0.5049437958910558,0.7212139349078901,0,602,0.984131886558946
0.0302,4.696281906469517,5.155525437901813,0.499399948645848,0.504943775505849,0.7211839265923896,0,603,0.9840956002251458
0.0303,4.702428645219033,5.155124286485558,0.4993997542914227,0.5049437551206419,0.7211538201768909,0,603,0.9840592157913455
0.0304,4.708595445443093,5.154723290545845,0.499399559936997,0.5049437347354355,0.7211236156613902,0,604,0.9840227332575452
0.0305,4.714782307141544,5.154322450118962,0.4993993655825714,0.5049437143502287,0.7210933130458882,0,604,0.9839861526237449
0.0306,4.720989230314713,5.153921765241193,0.4993991712281462,0.5049436939650217,0.7210629123303891,0,602,0.9839494738899446
0.0307,4.727216214962263,5.15352123594882,0.4993989768737209,0.5049436735798152,0.7210324135148879,0,601,0.9839126970561444
0.0308,4.733463261084172,5.153120862278121,0.4993987825192957,0.5049436531946079,0.721001816599388,0,601,0.983971104787603
0.0309,4.73973036868065,5.152720644265373,0.4993985881648703,0.5049436328094007,0.7209711215838869,0,601,0.9841812791528652
0.031,4.746017537751725,5.152320581946849,0.4993983938104449,0.5049436124241939,0.7209403284683863,0,597,0.9843913554181275
0.0311,4.752324768297298,5.151920675358819,0.4993981994560199,0.5049435920389873,0.7209094372528859,0,597,0.9846013335833897
0.0312,4.758652060317248,5.151520924537551,0.4993980051015946,0.5049435716537803,0.7208784479373844,0,597,0.984811213648652
0.0313,4.764999413811728,5.151121329519309,0.499397810747169,0.5049435512685732,0.7208473605218849,0,593,0.9850209956139142
0.0314,4.771366828780693,5.150721890340357,0.4993976163927436,0.5049435308833664,0.7208161750063857,0,592,0.9852306794791764
0.0315,4.777754305224114,5.150322607036951,0.4993974220383183,0.5049435104981601,0.7207848913908835,0,592,0.9854402652444386
0.0316,4.779085869804499,5.149923479645348,0.4993972276838928,0.5049434901129529,0.720753509675384,1,593,0.9856497529097009
0.0317,4.777759891706216,5.149524508201801,0.4993970333294678,0.5049434697277458,0.7207220298598835,2,593,0.9858591424749632
0.0318,4.779170125480751,5.149125692742561,0.4993968389750425,0.5049434493425388,0.7206904519443832,3,595,0.9860684339402255
0.0319,4.783638886215343,5.148727033303874,0.4993966446206168,0.5049434289573321,0.7206587759288821,3,595,0.9862776273054877
0.032,4.789448241757911,5.148328529921985,0.4993964502661918,0.5049434085721254,0.7206270018133819,3,594,0.98648672257075
0.0321,4.79580712181269,5.147930182633135,0.4993962559117663,0.5049433881869184,0.7205951295978822,3,598,0.9866957197360122
0.0322,4.802366123584558,5.147531991473563,0.4993960615573409,0.5049433678017117,0.7205631592823809,3,599,0.9869046188012744
0.0323,4.808981426016472,5.147133956479502,0.4993958672029154,0.5049433474165042,0.7205310908668803,3,597,0.9871134197665367
0.0324,4.815601526213402,5.146736077687187,0.4993956728484905,0.5049433270312974,0.72049892435138,3,595,0.9873221226317989
0.0325,4.822213996410575,5.146338355132846,0.4993954784940648,0.5049433066460907,0.7204666597358802,3,596,0.9875307273970612
0.0326,4.828823076428252,5.145940788852705,0.4993952841396394,0.5049432862608837,0.7204342970203791,1,595,0.9877392340623234
0.0327,4.835451290565646,5.145543378882987,0.4993950897852141,0.5049432658756769,0.7204018362048783,0,594,0.9879476426275857
0.0328,4.842099566177429,5.145146125259914,0.4993948954307889,0.5049432454904703,0.7203692772893786,0,595,0.988155953092848
0.0329,4.836345701019989,5.003826668296438,0.4993947010763633,0.5049432251052629,0.7203365887993095,1,596,0.9883263959768255
0.033,4.834175268397353,4.900437210631749,0.4993945067219378,0.5049432047200563,0.7203037745490172,1,595,0.9884635484904315
0.0331,4.834717590288069,4.888696768773491,0.4993943123675127,0.5049431843348492,0.7202708380135173,1,596,0.988571580657142
0.0332,4.837284398134175,4.888889088700224,0.4993941180130874,0.5049431639496424,0.7202377823471,1,596,0.988654277622642
0.0333,4.841337582286502,4.889081597900554,0.4993939236586618,0.5049431435644356,0.720204610402395,1,593,0.9887150625428029
0.0334,4.846461434686124,4.889274296352125,0.4993937293042366,0.5049431231792286,0.7201713247496278,1,592,0.988757019686608
0.0335,4.85233902502757,4.889467184032561,0.499393534949811,0.5049431027940219,0.720137927695794,1,590,0.9887829174509237
0.0336,4.858138509167115,4.889660260919467,0.4993933405953859,0.5049430824088149,0.7201044213035597,2,592,0.9887952310373723
0.0337,4.864628657401191,4.88985352699043,0.4993931462409604,0.5049430620236077,0.7200708074097144,2,594,0.9887961645885811
0.0338,4.871486362670084,4.890046982223022,0.4993929518865354,0.5049430416384012,0.720037087643021,2,595,0.9887876726223181
0.0339,4.878530947509149,4.890240626594791,0.49939275753211,0.504943021253194,0.7200032634413963,2,594,0.9887714806379945
0.034,4.871718657451249,4.89043446008327,0.4993925631776845,0.5049430008679877,0.7199693360683104,3,597,0.9887491048012198
0.0341,4.872919258927495,4.890628482665972,0.499392368823259,0.5049429804827809,0.7199353066283716,3,598,0.9887218706389981
0.0342,4.877740475079611,4.890822694320395,0.4993921744688338,0.5049429600975737,0.7199011760820337,3,598,0.9886909307011839
0.0343,4.884108822886954,4.891017095024012,0.4993919801144088,0.5049429397123666,0.7198669452594486,3,597,0.9886572811633844
0.0344,4.891076193387524,4.891211684754286,0.4993917857599829,0.5049429193271597,0.7198326148733928,2,597,0.9886217773629654
0.0345,4.89822786401781,4.891406463488655,0.4993915914055579,0.5049428989419528,0.7197981855313473,2,597,0.9885851482735426
0.0346,4.905397700568627,4.891601431204542,0.4993913970511321,0.5049428785567459,0.7197636577466775,2,595,0.9885480099346307
0.0347,4.91253804043908,4.89179658787935,0.4993912026967076,0.5049428581715391,0.7197290318620063,2,594,0.9885107734957187
0.0348,4.919662080623957,4.891991933490465,0.4993910083422817,0.5049428377863323,0.7196943078773342,2,593,0.9884734389568068
0.0349,4.926773891318819,4.892187468015256,0.4993908139878566,0.5049428174011256,0.7196594857926637,2,592,0.988436006317895
0.035,4.933905047065498,4.892383191431068,0.4993906196334316,0.5049427970159185,0.7196245656079941,1,593,0.9883984755789831
0.0351,4.941056264286762,4.892579103715235,0.4993904252790061,0.5049427766307119,0.7195895473233228,1,593,0.9883608467400712
0.0352,4.948227542982399,4.892775204845069,0.4993902309245805,0.5049427562455044,0.7195544309386526,1,592,0.9883231198011593
0.0353,4.955418883152662,4.892971494797862,0.4993900365701552,0.5049427358602976,0.7195192164539814,1,592,0.9882852947622474
0.0354,4.962630284797388,4.893167973550894,0.4993898422157299,0.5049427154750911,0.7194839038693116,1,593,0.9882473716233354
0.0355,4.964434848062409,4.89336464108142,0.4993896478613045,0.5049426950898842,0.719448493184642,3,594,0.9882093503844235
0.0356,4.969376806180537,4.89356149736668,0.499389453506879,0.504942674704677,0.71941298439997,3,592,0.9881712310455115
0.0357,4.975745856981366,4.893758542383896,0.4993892591524534,0.5049426543194702,0.7193773775153003,3,592,0.9881330136065997
0.0358,4.982736323158431,4.893955776110271,0.4993890647980284,0.5049426339342633,0.7193416725306296,3,595,0.9880946980676878
0.0359,4.989980015405284,4.89415319852299,0.4993888704436028,0.5049426135490562,0.7193058694459593,3,593,0.9880562844287759
0.036,4.996907319401238,4.894350809599221,0.4993886760891773,0.5049425931638493,0.7192699682612873,4,589,0.988017772689864
0.0361,5.004100216849658,4.894548609316111,0.4993884817347523,0.5049425727786429,0.7192339689766186,4,588,0.9879791628509521
0.0362,5.011411176527944,4.894746597650792,0.4993882873803267,0.5049425523934362,0.7191978715919463,2,587,0.9879404549120402
0.0363,5.01878590098354,4.894944774580376,0.4993880930259016,0.5049425320082289,0.7191616761072757,2,586,0.9879016488731283
0.0364,5.026196206829823,4.895143140081959,0.4993878986714765,0.5049425116230223,0.7191253825226059,2,587,0.9878627447342163
0.0365,5.033630420142741,4.895341694132616,0.499387704317051,0.5049424912378151,0.7190889908379351,1,586,0.9878237424953044
0.0366,5.04108527132384,4.895540436709406,0.4993875099626255,0.5049424708526085,0.7190525010532647,1,585,0.9877846421563925
0.0367,5.045282681761161,4.895739367789369,0.4993873156082001,0.5049424504674013,0.7190159131685945,2,589,0.9877454437174806
0.0368,5.051355334254799,4.895938487349528,0.499387121253775,0.5049424300821947,0.7189792271839225,2,589,0.9877061471785687
0.0369,5.058221413817643,4.896137795366887,0.4993869268993498,0.5049424096969876,0.7189424430992518,2,589,0.9876667525396569
0.03700000000000001,5.065522584914446,4.896337291818431,0.4993867325449243,0.5049423893117803,0.7189055609145815,2,587,0.9876272598007449
0.0371,5.073013137327516,4.896536976681129,0.4993865381904985,0.504942368926574,0.7188685806299105,2,587,0.987587668961833
0.0372,5.080583535751951,4.896736849931933,0.4993863438360735,0.5049423485413672,0.7188315022452407,2,585,0.9875479800229211
0.0373,5.088188001454342,4.896936911547773,0.4993861494816483,0.5049423281561599,0.71879432576057,2,585,0.9875081929840092
0.0374,5.095809630872438,4.897137161505563,0.4993859551272224,0.5049423077709533,0.7187570511758996,2,586,0.9874683078450972
0.0375,5.103443909608623,4.897337599782201,0.4993857607727975,0.5049422873857462,0.7187196784912285,2,588,0.9874283246061853
0.0376,5.111096663692319,4.897538226354565,0.499385566418372,0.5049422670005392,0.7186822077065586,0,589,0.9873882432672735
0.0377,5.118769479250394,4.897739041199515,0.4993853720639469,0.5049422466153325,0.7186446388218883,0,590,0.9873480638283616
0.0378,5.126462356282858,4.897940044293895,0.4993851777095212,0.5049422262301253,0.718606971837217,0,590,0.9873077862894497
0.0379,5.134175294790052,4.898141235614528,0.4993849833550956,0.5049422058449189,0.7185692067525468,0,590,0.9872674106505378
0.038,5.141908294771565,4.898342615138221,0.4993847890006705,0.5049421854597116,0.7185313435678754,0,590,0.9872269369116259
0.0381,5.149661356227524,4.898544182841762,0.4993845946462452,0.5049421650745048,0.7184933822832055,0,590,0.987186365072714
0.0382,5.132655581026567,4.898745938701925,0.499384356289936,0.5049421446892982,0.7184553228985339,1,591,0.987145695133802
0.0383,5.117946092372487,4.89894788269546,0.4993840791921693,0.5049421435916076,0.7184171654138642,2,590,0.9871049270948901
0.0384,5.109882357978571,4.899150014799105,0.499383768150955,0.5049421594600078,0.7183789098291931,2,590,0.9870640609559782
0.0385,5.106807138199431,4.899352334989574,0.4993834275265042,0.5049421901786401,0.7183405561445216,2,589,0.9870230967170663
0.0386,5.107417891101343,4.899554843243569,0.4993830612666338,0.504942233826072,0.7183021043598516,2,588,0.9869820343781545
0.03870000000000001,5.110702545740835,4.899757539537773,0.4993826729325362,0.5049422886638431,0.7182635544751816,2,588,0.9869408739392426
0.0388,5.115884556544141,4.899960423848848,0.4993822657245452,0.5049423531248802,0.7182249064905121,2,587,0.9868996154003307
0.0389,5.110991423989667,4.900163496153441,0.4993818425076105,0.5049424258019445,0.7181861604058412,3,585,0.9868582587614187
0.039,5.113874492753443,4.90036675642818,0.4993814058362309,0.5049425054362262,0.7181473162211698,3,583,0.9868168040225068
0.0391,5.120275394159052,4.900570204649677,0.4993809579786584,0.5049425909062079,0.7181083739364996,3,583,0.9867752511835949
0.0392,5.128158058855695,4.900773840794523,0.4993805009402189,0.5049426812168654,0.7180693335518286,3,583,0.9867336002446829
0.0393,5.136573116371584,4.900977664839295,0.4993800364856262,0.504942775489278,0.7180301950671575,3,583,0.9866918512057711
0.0394,5.14509660327987,4.90118167676055,0.4993795661602231,0.5049428729506996,0.7179909584824887,3,583,0.9866500040668592
0.0395,5.15355904623407,4.901385876534829,0.4993790913100684,0.5049429729251166,0.7179516237978172,2,584,0.9866080588279473
0.0396,5.16197675712908,4.901590264138652,0.4993786131008589,0.5049430748243281,0.7179121910131472,2,584,0.9865660154890354
0.0397,5.170331043545286,4.901794839548525,0.4993781325356548,0.5049431781395505,0.7178726601284758,2,584,0.9865238740501235
0.0398,5.178616737870045,4.901999602740934,0.4993776504714185,0.5049432824335633,0.7178330311438061,2,584,0.9864816345112116
0.0399,5.18683743380871,4.90220455369235,0.4993771676343777,0.5049433873333832,0.7177933040591356,2,584,0.9864392968722997
0.04,5.195001981618399,4.902409692379222,0.4993766846342415,0.5049434925234613,0.7177534788744649,2,582,0.9863968611333878
0.0401,5.203157477519534,4.902615018777985,0.4993762016341059,0.5049435977394028,0.7177135555897936,2,579,0.9863543272944758
0.0402,5.211331829940026,4.902820532865057,0.4993757186339701,0.5049437029553446,0.7176735342051217,2,579,0.986311695355564
0.0403,5.219526243834726,4.903026234616834,0.4993752356338349,0.5049438081712864,0.7176334147204522,2,577,0.9862689653166521
0.04040000000000001,5.227740719204179,4.903232124009699,0.4993747526336987,0.5049439133872284,0.717593197135782,2,577,0.9862261371777402
0.0405,5.235975256047979,4.903438201020013,0.4993742696335629,0.5049440186031697,0.7175528814511116,2,578,0.9861832109388283
0.0406,5.243762147728702,4.903644465624126,0.4993737805577528,0.5049441238191115,0.7175124676664399,3,578,0.9861401865999164
0.0407,5.251701657095223,4.903850917798363,0.4993732861361861,0.5049442290350536,0.7174719557817697,3,576,0.9860970641610045
0.0408,5.25976163861026,4.904057557519036,0.4993727870342735,0.5049443342509955,0.7174313457971003,3,576,0.9860538436220926
0.0409,5.267916634358428,4.904264384762439,0.4993722838563964,0.5049444394669373,0.7173906377124295,3,576,0.9860105249831806
0.041,5.276146701038432,4.904471399504847,0.4993717771494914,0.5049445446828789,0.7173498315277591,3,577,0.9859671082442687
0.0411,5.28443639833694,4.904678601722519,0.4993712674066711,0.5049446498988205,0.7173089272430868,3,580,0.9859235934053567
0.0412,5.292773926298896,4.904885991391696,0.4993707550708418,0.5049447551147624,0.7172679248584176,3,580,0.9858799804664449
0.0413,5.301150397642221,4.9050935684886,0.4993702405382769,0.5049448603307042,0.7172268243737457,3,578,0.985836269427533
0.0414,5.309559230287564,4.905301332989437,0.4993697241621053,0.5049449655466457,0.7171856257890763,3,578,0.9857924602886211
0.0415,5.317995645450675,4.905509284870399,0.4993692062557003,0.5049450707625877,0.7171443291044056,3,579,0.9857485530497092
0.04160000000000001,5.326456257208609,4.905717424107652,0.4993686870959311,0.5049451759785296,0.717102934319735,2,581,0.9857045477107973
0.0417,5.334938740387625,4.905925750677352,0.4993681669262877,0.5049452811944712,0.7170614414350637,1,581,0.9856604442718854
0.0418,5.343441564734388,4.906134264555637,0.4993676459598336,0.5049453864104129,0.7170198504503935,1,580,0.9856162427329734
0.0419,5.351963784575245,4.906342965718622,0.4993671243820131,0.5049454916263549,0.7169781613657227,1,580,0.9855719430940615
0.042,5.360504874421071,4.906551854142411,0.499366602353284,0.5049455968422967,0.7169363741810533,1,579,0.9855275453551495
0.04210000000000001,5.369064602208558,4.906760929803088,0.4993660800115836,0.5049457020582381,0.7168944888963812,1,576,0.9854830495162377
0.0422,5.37764293303316,4.906970192676718,0.4993655574746337,0.5049458072741799,0.7168525055117109,1,577,0.9854384555773258
0.0423,5.386239957305471,4.907179642739353,0.4993650348420725,0.5049459124901218,0.7168104240270402,1,575,0.9853937635384139
0.0424,5.394855838239836,4.907389279967023,0.4993645121974325,0.5049460177060636,0.7167682444423704,1,573,0.985348973399502
0.0425,5.403491604573517,4.907599104335743,0.4993639895527933,0.5049461229220051,0.7167259667576985,1,573,0.9853040851605901
0.0426,5.412147432381853,4.90780911582151,0.4993634669081533,0.5049462281379472,0.7166835909730287,1,573,0.9852590988216782
0.0427,5.42082332166463,4.908019314400305,0.4993629442635135,0.5049463333538893,0.716641117088359,1,571,0.9852140143827662
0.0428,5.429509151873592,4.908229700048091,0.4993624216188736,0.5049464385698309,0.7165985451036865,2,571,0.9851688318438543
0.0429,5.438221412750806,4.908440272740813,0.4993618989742337,0.504946543785773,0.7165558750190176,2,572,0.9851235512049423
0.043,5.446956352713935,4.908651032454399,0.4993613763295939,0.5049466490017146,0.7165131068343465,2,576,0.9850781724660305
0.0431,5.455712290258602,4.90886197916476,0.499360853684954,0.5049467542176561,0.7164702405496756,2,580,0.9850326956271186
0.0432,5.464271418580015,4.90907311284779,0.4993603351235315,0.504946859433598,0.7164272761650053,3,580,0.9849871206882067
0.04330000000000001,5.472910894394024,4.909284433479367,0.4993598201613748,0.5049469646495397,0.7163842136803333,2,580,0.9849414476492948
0.0434,5.481616360761356,4.909495941035347,0.4993593083566685,0.5049470698654814,0.7163410530956638,2,582,0.9848956765103829
0.0435,5.490376377352567,4.909707635491576,0.4993587993075452,0.5049471750814233,0.7162977944109925,2,582,0.984849807271471
0.0436,5.49918194310797,4.909919516823877,0.4993582926498129,0.5049472802973648,0.7162544376263226,2,582,0.984803839932559
0.0437,5.508026056415625,4.910131585008058,0.4993577880546416,0.5049473855133066,0.7162109827416521,2,584,0.9847577744936471
0.0438,5.516903338438397,4.91034384001991,0.4993572852262422,0.5049474907292484,0.7161674297569822,2,585,0.9847116109547351
0.0439,5.52580971404486,4.910556281835206,0.4993567838995656,0.5049475959451905,0.716123778672311,2,586,0.9846653493158233
0.044,5.530072002991992,4.910768910429702,0.4993562838380454,0.5049477011611325,0.7160800294876395,2,586,0.9846189895769114
0.0441,5.536954273149197,4.91098172577914,0.499355784831404,0.5049478063770739,0.7160361822029704,2,588,0.9845725317379995
0.0442,5.543437351452481,4.91119472785924,0.4993552866935325,0.5049479115930158,0.7159922368182987,3,585,0.9845259757990876
0.0443,5.551448324850901,4.911407916645707,0.4993547892604604,0.5049480168089575,0.7159481933336284,3,585,0.9844793217601757
0.0444,5.560132838552708,4.911621292114229,0.4993542923884174,0.5049481220248996,0.7159040517489581,3,582,0.9844325696212638
0.0445,5.569097697156554,4.911834854240478,0.499353795952007,0.5049482272408411,0.7158598120642871,3,581,0.9843857193823519
0.0446,5.578169511271673,4.912048603000108,0.4993532998424664,0.5049483324567829,0.7158154742796169,3,581,0.9843387710434399
0.0447,5.587277205454062,4.912262538368754,0.4993528039660571,0.5049484376727247,0.715771038394947,3,579,0.984291724604528
0.0448,5.596395626114519,4.912476660322039,0.4993523082425429,0.5049485428886664,0.7157265044102759,3,579,0.9842445800656161
0.0449,5.605519796420073,4.912690968835562,0.4993518126037835,0.5049486481046077,0.7156818723256059,2,579,0.9841973374267042
0.04500000000000001,5.614657849481286,4.912905463884913,0.4993513169924301,0.5049487533205499,0.7156371421409331,2,579,0.9841499966877923
0.0451,5.623815214151755,4.913120145445657,0.4993508213810768,0.5049488585364914,0.715592313856265,1,576,0.9841025578488805
0.0452,5.632992640297046,4.91333501349335,0.4993503257697237,0.5049489637524337,0.7155473874715939,1,577,0.9840550209099685
0.0453,5.604920269825367,4.913550068003523,0.4993498301583708,0.5049490689683754,0.7155023629869227,2,579,0.9840073858710566
0.0454,5.598225700269705,4.913765308951695,0.4993493345470174,0.5049491741843174,0.7154572404022524,2,578,0.9839596527321447
0.0455,5.59785317083541,4.913980736313369,0.4993488389356643,0.504949279400259,0.7154120197175814,3,578,0.9839118214932328
0.0456,5.603689552254705,4.914196350064027,0.4993483433243115,0.5049493846162008,0.7153667009329104,3,577,0.9838638921543208
0.0457,5.612087978753426,4.914412150179138,0.4993478477129584,0.5049494898321425,0.7153212840482415,3,577,0.9838158647154089
0.0458,5.621417837324686,4.914628136634151,0.4993473521016049,0.5049495950480839,0.7152757690635684,3,579,0.9837677391764971
0.0459,5.630993603664458,4.9148443094045,0.4993468564902521,0.5049497002640261,0.7152301559788998,3,579,0.9837195155375852
0.046,5.640558675302293,4.915060668465602,0.499346360878899,0.5049498054799682,0.7151844447942283,3,576,0.9836711937986733
0.0461,5.650041233231229,4.915277213792855,0.4993458652675454,0.5049499106959092,0.7151386355095579,3,576,0.9836227739597614
0.0462,5.659449319999506,4.915493945361645,0.4993453696561924,0.5049500159118513,0.715092728124888,2,574,0.9835742560208495
0.0463,5.666257408406866,4.915710863147335,0.4993448740448393,0.5049501211277928,0.7150467226402173,2,577,0.9835256399819375
0.0464,5.674611939061061,4.915927967125276,0.4993443784334863,0.5049502263437345,0.7150006190555461,2,575,0.9834769258430256
0.0465,5.683660060556813,4.9161452572708,0.4993438828221334,0.5049503315596767,0.7149544173708765,2,576,0.9834281136041136
0.0466,5.693005089122344,4.916362733559223,0.49934338721078,0.504950436775618,0.714908117586206,1,574,0.9833792032652018
0.04670000000000001,5.702469318878289,4.916580395965842,0.4993428915994267,0.5049505419915603,0.7148617197015338,1,576,0.9833301948262899
0.0468,5.711977958574213,4.916798244465942,0.4993423959880737,0.5049506472075019,0.7148152237168636,1,579,0.983281088287378
0.0469,5.721503055823452,4.917016279034787,0.4993419003767207,0.5049507524234434,0.7147686296321928,1,578,0.9832318836484661
0.047,5.712825426200324,4.917234499647624,0.4993414047653675,0.5049508576393853,0.7147219374475229,1,579,0.9831825809095542
0.0471,5.714553889438699,4.917452906279689,0.4993409091540144,0.5049509628553273,0.7146751471628517,1,580,0.9831331800706423
0.0472,5.697841493789477,4.917671498906193,0.4993404135426613,0.504951068071269,0.7146282587781806,2,579,0.9831237234906443
0.0473,5.696650732285066,4.917890277502337,0.4993399179313087,0.5049511732872106,0.7145812722935098,2,579,0.9831416850242913
0.0474,5.69944113085185,4.918109242043302,0.4993394223199551,0.5049512785031526,0.7145341877088403,3,580,0.9831780656948249
0.0475,5.706740344433928,4.918328392504254,0.499338926708602,0.5049513837190945,0.7144870050241705,3,581,0.983226411922742
0.0476,5.715833475316932,4.918547728860339,0.4993384310972486,0.5049514889350358,0.7144397242394985,3,581,0.9832821069203277
0.0477,5.7255295657562,4.918767251086692,0.4993379354858959,0.5049515941509779,0.7143923453548279,3,579,0.983341858691515
0.0478,5.735345364858353,4.918986959158427,0.4993374398745426,0.5049516993669195,0.7143448683701585,3,577,0.9834033298989698
0.04790000000000001,5.745113758856742,4.919206853050641,0.4993369442631896,0.5049518045828617,0.7142972932854871,3,578,0.9834648702704306
0.048,5.754874255225688,4.919426932738419,0.4993364486518362,0.5049519097988033,0.7142496201008164,1,576,0.9835263125418914
0.0481,5.764649892039201,4.919647198196823,0.4993359530404832,0.5049520150147448,0.7142018488161457,1,577,0.9835876567133521
0.0482,5.774437962633464,4.919867649400905,0.4993354574291299,0.5049521202306868,0.7141539794314764,1,578,0.9836489027848129
0.0483,5.784239315967429,4.920088286325695,0.4993349618177769,0.5049522254466281,0.714106011946804,1,577,0.9837100507562736
0.04840000000000001,5.794058709296197,4.920309108946209,0.4993344662064237,0.5049523306625705,0.7140579463621334,0,578,0.9837711006277343
0.0485,5.803898164099486,4.920530117237448,0.4993339705950708,0.5049524358785122,0.714009782677465,0,577,0.983832052399195
0.0486,5.813757680377493,4.920751311174392,0.4993334749837176,0.5049525410944539,0.7139615208927925,0,576,0.9838929060706558
0.0487,5.823637258129796,4.920972690732009,0.4993329793723643,0.5049526463103954,0.7139131610081226,0,577,0.9839536616421166
0.0488,5.833536897356652,4.921194255885248,0.499332483761011,0.5049527515263372,0.7138647030234511,0,578,0.9840143191135774
0.0489,5.843456598058025,4.921416006609042,0.4993319881496581,0.5049528567422793,0.7138161469387815,0,578,0.9840748784850382
0.049,5.848612928503347,4.921637942878307,0.4993314925383051,0.5049529619582209,0.7137674927541111,1,576,0.9841353397564989
0.0491,5.850256366433099,4.921860064667945,0.4993309969269519,0.5049530671741627,0.7137187404694403,2,573,0.9841957029279597
0.0492,5.856708449099026,4.922082371952839,0.4993305013155987,0.5049531723901044,0.7136698900847702,2,573,0.9842559679994204
0.0493,5.865337897536107,4.922304864707854,0.4993300057042457,0.5049532776060464,0.7136209416000988,2,571,0.9843161349708811
0.0494,5.87490842922253,4.922527542907845,0.4993295100928925,0.5049533828219881,0.7135718950154272,2,569,0.9843762038423418
0.0495,5.884856541391107,4.922750406527642,0.4993290144815395,0.5049534880379298,0.7135227503307575,2,570,0.9844361746138026
0.04960000000000001,5.894937434947686,4.922973455542067,0.4993285188701861,0.5049535932538718,0.7134735075460878,2,570,0.9844960472852634
0.0497,5.905053341315969,4.923196689925919,0.4993280232588334,0.5049536984698132,0.7134241666614163,2,571,0.9845558218567242
0.0498,5.915183332374519,4.923420109653986,0.4993275276474803,0.5049538036857553,0.7133747276767459,1,568,0.984615498328185
0.0499,5.925324198984355,4.923643714701033,0.4993270320361272,0.5049539089016974,0.7133251905920759,1,568,0.9846750766996457
0.05,5.935474877479462,4.923867505041816,0.4993265364247739,0.5049540141176383,0.7132755554074043,1,566,0.9847345569711065
